Model,MAE (μm),RMSE (μm),R² Score
SimpleCNN,0.19626239,0.23529735,0.9636632800102234
ResNet18,0.11282456,0.15630148,0.9839661717414856
EfficientNetB0,0.08047006,0.1060364,0.992620587348938
